Title,Team,Roles,"Targeted Audience",Likes,Dislike
"Testing Purpose Image","Only Shin",Manager,200,0,0
"Testing Purpose Image Updated By","Test team",Manager,200,0,0
"Testing Purpose Text Updated","Only Shin",Manager,200,0,0
"Testing Purpose Text Updated","Test team",Manager,200,0,0
"Testing Purpose Text","Only Shin","Test position",200,0,0
"Testing Purpose Text Updated","Test team","Test position",200,0,0
"Testing Purpose Text Update","Only Shin","Test position",200,0,0
"Testing Purpose Text Updated","Only Shin",Manager,200,0,0
"Testing Purpose Text Updated","Test team",Manager,200,0,0
Test,"Test team","Test position",200,0,0
"Testing Purpose Link update suces","Test team","Test position",200,0,0
ASD,"Test team","Test position",200,0,0
"b test image 2","Test team","Test position",200,0,0
,"Test team","Test position",200,0,0
"Test post","Test team",Manager,200,0,0
